[
  {"name":"Real Madrid","logo":"real_madrid.png"},
  {"name":"FC Barcelona","logo":"fc_barcelona.png"},
  {"name":"Manchester City","logo":"man_city.png"},
  {"name":"Liverpool FC","logo":"liverpool_fc.png"},
  {"name":"Paris Saint-Germain","logo":"psg.png"},
  {"name":"Bayern Munich","logo":"bayern_munich.png"},
  {"name":"Juventus","logo":"juventus.png"},
  {"name":"Chelsea FC","logo":"chelsea_fc.png"},
  {"name":"Manchester United","logo":"man_united.png"},
  {"name":"AC Milan","logo":"ac_milan.png"},
  {"name":"Inter Milan","logo":"inter_milan.png"},
  {"name":"Borussia Dortmund","logo":"borussia_dortmund.png"},
  {"name":"Atletico Madrid","logo":"atletico_madrid.png"},
  {"name":"Tottenham Hotspur","logo":"tottenham.png"},
  {"name":"Arsenal FC","logo":"arsenal_fc.png"},
  {"name":"AS Roma","logo":"as_roma.png"},
  {"name":"Napoli","logo":"napoli.png"},
  {"name":"Lazio","logo":"lazio.png"},
  {"name":"Ajax","logo":"ajax.png"},
  {"name":"Benfica","logo":"benfica.png"},
  {"name":"Porto","logo":"porto.png"},
  {"name":"RB Leipzig","logo":"rb_leipzig.png"},
  {"name":"Sevilla FC","logo":"sevilla_fc.png"},
  {"name":"Villarreal","logo":"villarreal.png"},
  {"name":"Leicester City","logo":"leicester.png"},
  {"name":"West Ham United","logo":"west_ham.png"},
  {"name":"Everton","logo":"everton.png"},
  {"name":"Monaco","logo":"monaco.png"},
  {"name":"Schalke 04","logo":"schalke_04.png"},
  {"name":"AS Monaco","logo":"as_monaco.png"},
  {"name":"PSV Eindhoven","logo":"psv_eindhoven.png"},
  {"name":"Feyenoord","logo":"feyenoord.png"},
  {"name":"Galatasaray","logo":"galatasaray.png"},
  {"name":"Besiktas","logo":"besiktas.png"},
  {"name":"Celtic","logo":"celtic.png"},
  {"name":"Rangers","logo":"rangers.png"},
  {"name":"Sporting CP","logo":"sporting_cp.png"},
  {"name":"RB Salzburg","logo":"rb_salzburg.png"},
  {"name":"Olympiacos","logo":"olympiacos.png"},
  {"name":"PSV","logo":"psv.png"},
  {"name":"Marseille","logo":"marseille.png"},
  {"name":"Lille","logo":"lille.png"},
  {"name":"Monterrey","logo":"monterrey.png"},
  {"name":"Flamengo","logo":"flamengo.png"},
  {"name":"River Plate","logo":"river_plate.png"},
  {"name":"Boca Juniors","logo":"boca_juniors.png"},
  {"name":"Santos FC","logo":"santos_fc.png"},
  {"name":"Palmeiras","logo":"palmeiras.png"},
  {"name":"Corinthians","logo":"corinthians.png"},
  {"name":"São Paulo","logo":"sao_paulo.png"}
]
